{
  "train_loss": [
    0.6413154535823398,
    0.5264413996979043,
    0.4350643836789661,
    0.39306233326594037,
    0.26155866572150477,
    0.2417796552181244,
    0.1928321779878051,
    0.22167732925326736,
    0.13007426179117626,
    0.08907516148907167,
    0.1544539844962182,
    0.09905158121276784,
    0.14825255768718543,
    0.07677974186285778,
    0.1010390462146865
  ],
  "train_acc": [
    0.6441281138790036,
    0.7781731909845789,
    0.8481613285883749,
    0.8778173190984578,
    0.9478054567022538,
    0.9655990510083037,
    0.970344009489917,
    0.966785290628707,
    0.9869513641755635,
    0.9905100830367735,
    0.9762752075919335,
    0.9822064056939501,
    0.9786476868327402,
    0.9916963226571768,
    0.9833926453143536
  ],
  "val_loss": [
    0.5287082672119141,
    0.40022745728492737,
    0.31010937988758086,
    0.2560360312461853,
    0.19373336136341096,
    0.17983825653791427,
    0.17408160865306854,
    0.14448300749063492,
    0.13621549755334855,
    0.12227441072463989,
    0.14943200051784516,
    0.14756780862808228,
    0.1344328597187996,
    0.14927951693534852,
    0.1177028700709343
  ],
  "val_acc": [
    0.8040540540540541,
    0.8716216216216216,
    0.9324324324324325,
    0.9527027027027027,
    0.972972972972973,
    0.9662162162162162,
    0.9662162162162162,
    0.9594594594594594,
    0.9594594594594594,
    0.9594594594594594,
    0.9527027027027027,
    0.9527027027027027,
    0.9594594594594594,
    0.9459459459459459,
    0.9594594594594594
  ]
}