{
  "train_loss": [
    0.32478955056932235,
    0.16137800090724513,
    0.11895981745883114,
    0.09971897703196321,
    0.07049525425665909,
    0.05350880469096992,
    0.05779589207414242,
    0.040483079505739386,
    0.0360386051267149,
    0.04041899400042547,
    0.04427930095914268,
    0.017047907214854455,
    0.02212826648302667,
    0.018290396395112294,
    0.0229494561531018,
    0.01905703726030576,
    0.014052581873242855,
    0.03841365117768489,
    0.01750683576119146,
    0.009035610008160042,
    0.021701592978306556,
    0.01768365836705059,
    0.01965861060938714,
    0.02202478749862325
  ],
  "train_acc": [
    0.8814961933134724,
    0.9569678914266799,
    0.9675604104601125,
    0.9716981132075472,
    0.9794769943727243,
    0.9851042701092354,
    0.9836146971201589,
    0.9882489241972857,
    0.9899040052962595,
    0.9890764647467726,
    0.9860973187686196,
    0.994869248593181,
    0.993545183714002,
    0.9943727242634889,
    0.9938761999337967,
    0.9947037404832837,
    0.9961933134723602,
    0.9923866269447202,
    0.9958622972525654,
    0.997020854021847,
    0.9958622972525654,
    0.995696789142668,
    0.9953657729228732,
    0.9955312810327706
  ],
  "val_loss": [
    0.1898283954052364,
    0.12667632223490408,
    0.1839432658846764,
    0.1011638978824896,
    0.09490736628718235,
    0.09328909557970132,
    0.09310512704884305,
    0.09668684574117993,
    0.06591860704836161,
    0.06308440820259206,
    0.07007401556406609,
    0.1018236771787462,
    0.09228469950133278,
    0.08230597851113142,
    0.0804234293241547,
    0.07244980151367866,
    0.07304406319470967,
    0.11181484985247474,
    0.0672904303886325,
    0.07915361735778038,
    0.11082094001090702,
    0.08086996377952506,
    0.07258809581809841,
    0.08462986482909936
  ],
  "val_acc": [
    0.9549718574108818,
    0.9699812382739212,
    0.9624765478424016,
    0.9727954971857411,
    0.9727954971857411,
    0.9803001876172608,
    0.9784240150093808,
    0.9727954971857411,
    0.9821763602251408,
    0.9812382739212008,
    0.9849906191369606,
    0.9812382739212008,
    0.9831144465290806,
    0.9859287054409006,
    0.9803001876172608,
    0.9849906191369606,
    0.9831144465290806,
    0.9784240150093808,
    0.9812382739212008,
    0.9840525328330206,
    0.9737335834896811,
    0.9793621013133208,
    0.9812382739212008,
    0.975609756097561
  ]
}